times,gctimes,bytes,allocs
5.193300000000001e-6,0.0,864.0,27.0
2.4154e-6,0.0,864.0,27.0
1.0913e-6,0.0,864.0,27.0
1.1673000000000002e-6,0.0,864.0,27.0
1.1393e-6,0.0,864.0,27.0
1.1409e-6,0.0,864.0,27.0
1.1716000000000001e-6,0.0,864.0,27.0
1.1899e-6,0.0,864.0,27.0
1.0990000000000002e-6,0.0,864.0,27.0
1.1807e-6,0.0,864.0,27.0
