times,gctimes,bytes,allocs
1.2562700000000001e-5,0.0,784.0,9.0
1.14067e-5,0.0,784.0,9.0
1.04715e-5,0.0,784.0,9.0
1.04492e-5,0.0,784.0,9.0
1.0432300000000002e-5,0.0,784.0,9.0
1.04338e-5,0.0,784.0,9.0
1.04493e-5,0.0,784.0,9.0
1.13867e-5,0.0,784.0,9.0
1.0136800000000001e-5,0.0,784.0,9.0
1.0012500000000001e-5,0.0,784.0,9.0
