times,gctimes,bytes,allocs
6.06538e-5,0.0,41264.0,306.0
8.37969e-5,0.0,41264.0,306.0
7.99653e-5,0.0,41264.0,306.0
8.64826e-5,0.0,41264.0,306.0
8.217550000000001e-5,0.0,41264.0,306.0
8.04916e-5,0.0,41264.0,306.0
7.836290000000002e-5,0.0,41264.0,306.0
7.9076e-5,0.0,41264.0,306.0
8.58117e-5,0.0,41264.0,306.0
5.036460000000001e-5,0.0,41264.0,306.0
